metric,value
accuracy,0.7619047619047619
precision,0.367816091954023
recall,0.6808510638297872
f1,0.47761194029850745
roc_auc,0.8160909639073133
