,Age,DailyRate,DistanceFromHome,Education,EnvironmentSatisfaction,HourlyRate,JobInvolvement,JobLevel,JobSatisfaction,MonthlyIncome,MonthlyRate,NumCompaniesWorked,PercentSalaryHike,PerformanceRating,RelationshipSatisfaction,StockOptionLevel,TotalWorkingYears,TrainingTimesLastYear,WorkLifeBalance,YearsAtCompany,YearsInCurrentRole,YearsSinceLastPromotion,YearsWithCurrManager,IncomePerJobLevel,PromotionGapRatio,ManagerTenureRatio
count,1176.0,1176.0,1176.0,1176.0,1176.0,1176.0,1176.0,1176.0,1176.0,1176.0,1176.0,1176.0,1176.0,1176.0,1176.0,1176.0,1176.0,1176.0,1176.0,1176.0,1176.0,1176.0,1176.0,1176.0,1176.0,1176.0
mean,36.99829931972789,803.9914965986394,9.357993197278912,2.9064625850340136,2.7168367346938775,65.5,2.7372448979591835,2.076530612244898,2.7193877551020407,6544.024659863946,14390.239795918367,2.693027210884354,15.239795918367347,3.1573129251700682,2.7389455782312924,0.7908163265306123,11.364795918367347,2.760204081632653,2.75765306122449,7.050170068027211,4.2312925170068025,2.182823129251701,4.196428571428571,2979.1902777777777,0.288411208788241,0.5673193652624808
std,9.178142239994186,401.3394232985193,8.179803091004898,1.027995729916515,1.0887066825163685,20.373324236008514,0.7036734454605257,1.0919871579394358,1.1106440374974595,4653.743954982946,7192.834393790221,2.4860774577771,3.6790814708230557,0.3642504502469945,1.0872006968971382,0.8457859576957667,7.801391177138906,1.256261780220548,0.7181128474402237,6.086611744167993,3.569503027018312,3.2153479050979494,3.5647953598273783,772.1098340038451,0.33984291587381227,0.3328536477135486
min,18.0,103.0,1.0,1.0,1.0,30.0,1.0,1.0,1.0,1009.0,2094.0,0.0,11.0,3.0,1.0,0.0,0.0,0.0,1.0,0.0,0.0,0.0,0.0,1009.0,0.0,0.0
25%,30.0,467.75,2.0,2.0,2.0,48.0,2.0,1.0,2.0,2948.0,8051.0,1.0,12.0,3.0,2.0,0.0,6.0,2.0,2.0,3.0,2.0,0.0,2.0,2404.875,0.0,0.3490384615384615
50%,36.0,799.5,7.0,3.0,3.0,66.0,3.0,2.0,3.0,5004.5,14373.0,2.0,14.0,3.0,3.0,1.0,10.0,3.0,3.0,5.0,3.0,1.0,3.0,2844.25,0.16666666666666666,0.6666666666666666
75%,43.0,1157.0,14.0,4.0,4.0,83.0,3.0,3.0,4.0,8420.5,20770.75,4.0,18.0,3.0,4.0,1.0,15.0,3.0,3.0,10.0,7.0,3.0,7.0,3481.833333333333,0.5,0.8023809523809524
max,60.0,1499.0,29.0,5.0,4.0,100.0,4.0,5.0,4.0,19973.0,26999.0,9.0,25.0,4.0,4.0,3.0,40.0,6.0,4.0,37.0,17.0,15.0,17.0,4999.0,1.0,1.0
